Date,rate_FSLR,rate_FSLR_5D,rate_VOO_20D
2022-01-03,0.0,0.0,0.0
2022-01-04,-0.73,0.0,0.0
2022-01-05,-2.85,0.0,0.0
2022-01-06,-2.59,0.0,0.0
2022-01-07,-2.19,-1.672,0.0
2022-01-10,-2.41,-2.154,0.0
2022-01-11,-2.28,-2.464,0.0
2022-01-12,-2.56,-2.4059999999999997,0.0
2022-01-13,-3.71,-2.63,0.0
2022-01-14,-3.51,-2.894,0.0
2022-01-18,-4.81,-3.3739999999999997,0.0
2022-01-19,-4.92,-3.9019999999999997,0.0
2022-01-20,-4.82,-4.354,0.0
2022-01-21,-8.84,-5.38,0.0
2022-01-24,-7.88,-6.254,0.0
2022-01-25,-9.91,-7.274000000000001,0.0
2022-01-26,-9.47,-8.184000000000001,0.0
2022-01-27,-13.7,-9.959999999999999,0.0
2022-01-28,-12.48,-10.687999999999999,0.0
2022-01-31,-7.42,-10.596,-2.8954999999999997
2022-02-01,-7.91,-10.196000000000002,-3.035
2022-02-02,-9.33,-10.168,-3.1325
2022-02-03,-14.75,-10.378,-3.284
2022-02-04,-15.05,-10.892,-3.4120000000000004
2022-02-07,-16.39,-12.686000000000002,-3.5454999999999997
2022-02-08,-15.65,-14.234,-3.6395000000000004
2022-02-09,-11.38,-14.644,-3.6985000000000006
2022-02-10,-14.72,-14.638000000000002,-3.8505000000000003
2022-02-11,-16.87,-15.002,-4.0409999999999995
2022-02-14,-18.09,-15.342000000000002,-4.247
2022-02-15,-13.6,-14.932000000000002,-4.316
2022-02-16,-14.1,-15.475999999999999,-4.3425
2022-02-17,-16.09,-15.75,-4.427
2022-02-18,-17.7,-15.916,-4.4704999999999995
2022-02-22,-20.86,-16.47,-4.5775
2022-02-23,-21.96,-18.142000000000003,-4.714
2022-02-24,-17.15,-18.752000000000002,-4.775
2022-02-25,-15.25,-18.584,-4.720000000000001
2022-02-28,-9.89,-17.022,-4.774
2022-03-01,-9.21,-14.692000000000002,-4.96
2022-03-02,-16.19,-13.538,-5.099500000000001
2022-03-03,-18.64,-13.836000000000002,-5.3025
2022-03-04,-13.52,-13.49,-5.439500000000001
2022-03-07,-9.92,-13.496,-5.726
2022-03-08,-4.63,-12.58,-6.031000000000001
2022-03-09,-5.37,-10.416,-6.258
2022-03-10,-8.17,-8.322,-6.572
2022-03-11,-9.46,-7.51,-6.8605
2022-03-14,-13.44,-8.214,-7.0905000000000005
2022-03-15,-9.92,-9.272,-7.210000000000001
2022-03-16,-6.8,-9.558,-7.302000000000001
2022-03-17,-6.06,-9.136000000000001,-7.343000000000001
2022-03-18,-6.79,-8.602,-7.235000000000001
2022-03-21,-7.04,-7.322,-7.0985
2022-03-22,-5.03,-6.343999999999999,-6.858499999999999
2022-03-23,-6.33,-6.25,-6.600500000000001
2022-03-24,-4.49,-5.936,-6.3555
2022-03-25,-4.35,-5.448,-6.182499999999999
2022-03-28,0.93,-3.8540000000000005,-5.965000000000001
2022-03-29,1.53,-2.5420000000000003,-5.63
2022-03-30,-1.64,-1.6039999999999999,-5.4055
2022-03-31,0.51,-0.6039999999999999,-5.2325
2022-04-01,0.81,0.42800000000000005,-5.0075
2022-04-04,0.75,0.392,-4.6135
2022-04-05,-3.52,-0.618,-4.2455
2022-04-06,-6.11,-1.512,-4.0395
2022-04-07,-5.63,-2.7399999999999998,-3.79
2022-04-08,-6.72,-4.246,-3.496
2022-04-11,-5.25,-5.446,-3.2510000000000003
2022-04-12,-4.97,-5.736,-3.119
2022-04-13,-4.25,-5.364,-3.0345
2022-04-14,-6.13,-5.464,-3.063
2022-04-18,-5.49,-5.218,-3.1420000000000003
2022-04-19,-5.41,-5.25,-3.1475
2022-04-20,-7.55,-5.766,-3.211
2022-04-21,-10.54,-7.024000000000001,-3.283
2022-04-22,-12.99,-8.395999999999999,-3.5345
2022-04-25,-12.9,-9.878,-3.7855000000000003
2022-04-26,-14.11,-11.618,-4.1985
2022-04-27,-13.27,-12.762,-4.661
2022-04-28,-13.13,-13.279999999999998,-4.9825
2022-04-29,-12.2,-13.122,-5.3955
2022-05-02,-11.15,-12.772,-5.7829999999999995
2022-05-03,-9.41,-11.831999999999999,-6.1915
2022-05-04,-5.17,-10.212,-6.410000000000001
2022-05-05,-7.87,-9.16,-6.7379999999999995
2022-05-06,-12.92,-9.304,-7.1165
2022-05-09,-17.51,-10.576000000000002,-7.6215
2022-05-10,-18.31,-12.356,-8.0355
2022-05-11,-25.3,-16.381999999999998,-8.500499999999999
2022-05-12,-25.68,-19.944,-9.021
2022-05-13,-22.28,-21.816000000000003,-9.3865
2022-05-16,-24.05,-23.124000000000002,-9.7685
2022-05-17,-20.89,-23.64,-10.139
2022-05-18,-20.94,-22.768,-10.677
2022-05-19,-19.61,-21.554,-11.1735
2022-05-20,-20.45,-21.188,-11.543000000000001
2022-05-23,-20.1,-20.398000000000003,-11.8585
2022-05-24,-21.87,-20.594,-12.075500000000002
2022-05-25,-20.12,-20.43,-12.2685
2022-05-26,-17.67,-20.042,-12.4885
2022-05-27,-12.94,-18.54,-12.435500000000001
2022-05-31,-14.62,-17.444,-12.449
2022-06-01,-13.91,-15.852,-12.502500000000001
2022-06-02,-9.9,-13.808000000000002,-12.606
2022-06-03,-9.07,-12.088,-12.624500000000001
2022-06-06,-12.61,-12.022,-12.604
2022-06-07,-12.6,-11.617999999999999,-12.4025
2022-06-08,-12.98,-11.431999999999999,-12.26
2022-06-09,-15.23,-12.498000000000001,-12.152
2022-06-10,-17.44,-14.172,-12.1665
2022-06-13,-23.33,-16.316,-12.438500000000001
2022-06-14,-24.76,-18.747999999999998,-12.705
2022-06-15,-22.24,-20.6,-12.999500000000001
2022-06-16,-24.69,-22.492,-13.255500000000001
2022-06-17,-19.0,-22.804000000000002,-13.472999999999999
2022-06-21,-17.2,-21.578,-13.596
2022-06-22,-17.92,-20.21,-13.806000000000001
2022-06-23,-15.51,-18.864,-13.9435
2022-06-24,-14.94,-16.913999999999998,-13.9905
2022-06-27,-14.27,-15.967999999999998,-14.136499999999998
2022-06-28,-17.74,-16.076,-14.479499999999998
2022-06-29,-18.84,-16.259999999999998,-14.8125
2022-06-30,-17.28,-16.613999999999997,-15.156
2022-07-01,-16.79,-16.984,-15.517
2022-07-05,-19.05,-17.94,-15.799000000000001
2022-07-06,-19.14,-18.220000000000002,-16.0785
2022-07-07,-13.72,-17.196,-16.341
2022-07-08,-11.46,-16.032000000000004,-16.5575
2022-07-11,-15.36,-15.746,-16.7185
2022-07-12,-16.42,-15.219999999999999,-16.792
2022-07-13,-15.52,-14.496,-16.7245
2022-07-14,-13.23,-14.398000000000001,-16.658
2022-07-15,-20.25,-16.156,-16.572
2022-07-18,-18.13,-16.71,-16.3875
2022-07-19,-13.7,-16.166,-16.103
2022-07-20,-10.87,-15.236,-15.8875
2022-07-21,-10.53,-14.695999999999998,-15.620999999999999
2022-07-22,-11.35,-12.916,-15.434999999999999
2022-07-25,-9.45,-11.18,-15.370499999999998
2022-07-26,-10.16,-10.472,-15.341
2022-07-27,-6.28,-9.554,-15.113
2022-07-28,7.99,-5.85,-14.8165
2022-07-29,20.97,0.6140000000000001,-14.4245
2022-08-01,20.79,6.661999999999999,-14.0965
2022-08-02,20.93,12.88,-13.797
2022-08-03,19.85,18.106,-13.460500000000001
2022-08-04,20.6,20.627999999999997,-13.187000000000001
2022-08-05,22.22,20.877999999999997,-12.9175
2022-08-08,25.08,21.736,-12.604000000000001
2022-08-09,25.76,22.701999999999998,-12.265
2022-08-10,27.38,24.208,-11.843
2022-08-11,27.4,25.567999999999998,-11.41
2022-08-12,28.41,26.806,-11.0
2022-08-15,28.48,27.486,-10.542
2022-08-16,28.29,27.992,-10.189
2022-08-17,28.18,28.151999999999997,-9.884
2022-08-18,28.42,28.356,-9.611999999999998
2022-08-19,28.04,28.282,-9.344
2022-08-22,27.89,28.163999999999998,-9.144
2022-08-23,27.85,28.076,-8.9005
2022-08-24,30.25,28.49,-8.757
2022-08-25,32.18,29.242,-8.623999999999999
2022-08-26,32.22,30.077999999999996,-8.658
2022-08-29,32.18,30.936,-8.7115
2022-08-30,32.61,31.887999999999998,-8.774999999999999
2022-08-31,36.24,33.086,-8.9125
2022-09-01,35.5,33.75,-9.0235
2022-09-02,34.54,34.214,-9.157
2022-09-06,35.34,34.846,-9.297
2022-09-07,41.58,36.64,-9.361
2022-09-08,43.95,38.182,-9.4635
2022-09-09,42.47,39.576,-9.503499999999999
2022-09-12,43.31,41.33,-9.552
2022-09-13,43.28,42.918,-9.803500000000001
2022-09-14,42.32,43.065999999999995,-10.045
2022-09-15,38.74,42.024,-10.311499999999999
2022-09-16,42.37,42.004000000000005,-10.620000000000001
2022-09-19,43.55,42.052,-10.8545
2022-09-20,40.35,41.465999999999994,-11.073
2022-09-21,42.29,41.46,-11.358
2022-09-22,39.03,41.518,-11.687000000000001
2022-09-23,37.39,40.522,-12.127500000000001
2022-09-26,35.98,39.008,-12.503499999999999
2022-09-27,39.9,38.91799999999999,-12.871
2022-09-28,43.62,39.184,-13.146
2022-09-29,38.58,39.093999999999994,-13.483500000000001
2022-09-30,39.87,39.589999999999996,-13.905499999999998
2022-10-03,42.93,40.98,-14.172500000000003
2022-10-04,48.39,42.678,-14.3085
2022-10-05,41.21,42.196,-14.515
2022-10-06,39.06,42.291999999999994,-14.791000000000002
2022-10-07,36.82,41.681999999999995,-15.243500000000001
2022-10-10,38.21,40.738,-15.770500000000002
2022-10-11,38.46,38.751999999999995,-16.135
2022-10-12,34.25,37.36,-16.526999999999997
2022-10-13,33.92,36.33200000000001,-16.7695
2022-10-14,30.91,35.15,-17.070500000000003
2022-10-17,26.09,32.726,-17.3025
2022-10-18,29.14,30.862000000000002,-17.439
2022-10-19,28.03,29.618000000000002,-17.530499999999996
2022-10-20,26.53,28.139999999999997,-17.619999999999997
2022-10-21,30.44,28.046,-17.544500000000003
2022-10-24,32.42,29.312,-17.380000000000003
2022-10-25,35.09,30.502,-17.1365
2022-10-26,39.48,32.792,-16.9855
2022-10-27,39.25,35.336,-16.772
2022-10-28,40.79,37.406,-16.4
2022-10-31,54.12,41.745999999999995,-16.183
2022-11-01,55.84,45.896,-16.0885
2022-11-02,57.36,49.471999999999994,-16.0925
2022-11-03,65.13,54.648,-16.095999999999997
2022-11-04,60.96,58.681999999999995,-15.927000000000001
2022-11-07,54.5,58.757999999999996,-15.690000000000001
2022-11-08,54.51,58.492,-15.4035
2022-11-09,58.6,58.739999999999995,-15.1905
2022-11-10,64.75,58.66399999999999,-14.857
2022-11-11,57.83,58.03799999999999,-14.391
2022-11-14,61.2,59.378,-14.060500000000001
2022-11-15,66.53,61.782,-13.741499999999998
2022-11-16,65.6,63.181999999999995,-13.4275
2022-11-17,71.29,64.49,-13.093
2022-11-18,72.73,67.47,-12.836000000000002
2022-11-21,71.66,69.56199999999998,-12.6445
2022-11-22,73.84,71.024,-12.463
2022-11-23,75.59,73.02199999999999,-12.2225
2022-11-25,77.47,74.258,-11.96
2022-11-28,71.88,74.088,-11.865
2022-11-29,68.62,73.47999999999999,-11.749
2022-11-30,77.78,74.268,-11.4975
2022-12-01,72.6,73.67,-11.129999999999999
2022-12-02,72.42,72.66,-10.725999999999999
2022-12-05,71.44,72.57199999999999,-10.459
2022-12-06,63.66,71.58,-10.2935
2022-12-07,61.47,68.318,-10.1595
2022-12-08,59.84,65.76599999999999,-9.906000000000002
2022-12-09,58.43,62.967999999999996,-9.9075
2022-12-12,57.89,60.257999999999996,-9.889
2022-12-13,64.17,60.35999999999999,-9.803
2022-12-14,66.95,61.455999999999996,-9.780000000000001
2022-12-15,66.33,62.754,-9.8325
2022-12-16,62.32,63.532,-9.924
2022-12-19,63.89,64.732,-10.0715
2022-12-20,63.71,64.64,-10.2175
2022-12-21,69.09,65.068,-10.3585
2022-12-22,64.0,64.602,-10.587
2022-12-23,63.87,64.91199999999999,-10.7915
2022-12-27,57.44,63.62199999999999,-10.942499999999999
2022-12-28,53.46,61.572,-11.1375
2022-12-29,56.03,58.959999999999994,-11.392999999999999
2022-12-30,57.02,57.563999999999986,-11.6705
2023-01-03,52.0,55.19,-11.942
2023-01-04,52.84,54.269999999999996,-12.105
2023-01-05,51.49,53.876,-12.2515
2023-01-06,63.14,55.298,-12.294
2023-01-09,65.59,57.011999999999986,-12.3735
2023-01-10,77.85,62.181999999999995,-12.3905
2023-01-11,79.3,67.474,-12.414
2023-01-12,85.98,74.372,-12.4535
2023-01-13,87.36,79.216,-12.449
2023-01-17,84.68,83.03399999999999,-12.342
2023-01-18,84.65,84.39399999999999,-12.255500000000001
2023-01-19,71.64,82.862,-12.1635
2023-01-20,74.6,80.58599999999998,-11.978
2023-01-23,83.24,79.76199999999999,-11.802
2023-01-24,79.08,78.64199999999998,-11.571000000000002
2023-01-25,76.23,76.958,-11.362
2023-01-26,82.55,79.14,-11.089
2023-01-27,86.01,81.422,-10.751
2023-01-30,78.45,80.46399999999998,-10.5435
2023-01-31,85.0,81.648,-10.261
2023-02-01,85.47,83.496,-9.921
2023-02-02,74.68,81.922,-9.5475
2023-02-03,74.23,79.566,-9.175500000000001
2023-02-06,73.56,78.588,-8.925
2023-02-07,72.0,75.988,-8.622
2023-02-08,71.69,73.232,-8.3925
2023-02-09,70.08,72.312,-8.251000000000001
2023-02-10,69.52,71.36999999999999,-8.1165
2023-02-13,73.35,71.328,-7.955
2023-02-14,71.11,71.15,-7.788500000000001
2023-02-15,78.5,72.51199999999999,-7.5375
2023-02-16,71.08,72.71199999999999,-7.3065
2023-02-17,70.34,72.87599999999999,-7.164500000000001
2023-02-21,67.02,71.60999999999999,-7.147500000000001
2023-02-22,69.66,71.32,-7.13
2023-02-23,71.65,69.95,-7.096500000000001
2023-02-24,68.2,69.374,-7.1485
2023-02-27,72.19,69.744,-7.2010000000000005
2023-02-28,75.29,71.398,-7.2125
2023-03-01,100.13,77.492,-7.291500000000001
2023-03-02,102.67,83.696,-7.3985
2023-03-03,114.55,92.966,-7.5065
2023-03-06,116.74,101.876,-7.561999999999999
2023-03-07,118.73,110.564,-7.6579999999999995
2023-03-08,118.77,114.29199999999999,-7.797
2023-03-09,115.68,116.89399999999998,-7.971499999999999
2023-03-10,112.16,116.41600000000001,-8.1725
2023-03-13,108.0,114.668,-8.389999999999999
2023-03-14,111.78,113.27799999999999,-8.581
2023-03-15,107.63,111.05,-8.797
2023-03-16,111.04,110.122,-8.952
2023-03-17,103.96,108.482,-9.104000000000001
2023-03-20,109.12,108.70599999999999,-9.206999999999999
2023-03-21,113.08,108.96599999999998,-9.181000000000001
2023-03-22,109.41,109.322,-9.2245
2023-03-23,113.9,109.894,-9.275
2023-03-24,114.68,112.03800000000001,-9.2765
2023-03-27,113.85,112.984,-9.283
2023-03-28,113.73,113.11399999999999,-9.282
2023-03-29,118.76,114.984,-9.2135
2023-03-30,116.85,115.574,-9.147
2023-03-31,120.78,116.79399999999998,-9.079
2023-04-03,109.86,115.99600000000001,-8.991000000000001
2023-04-04,109.52,115.154,-8.8625
2023-04-05,103.23,112.048,-8.7515
2023-04-06,106.02,109.88199999999999,-8.545
2023-04-10,113.27,108.38,-8.274
2023-04-11,111.3,108.66799999999998,-7.9955
2023-04-12,109.2,108.604,-7.806
2023-04-13,112.51,110.46,-7.529999999999999
2023-04-14,109.7,111.196,-7.337000000000001
2023-04-17,120.01,112.54400000000001,-7.08
2023-04-18,120.6,114.404,-6.8595
2023-04-19,119.33,116.42999999999999,-6.697
2023-04-20,116.71,117.27000000000001,-6.487
2023-04-21,118.05,118.93999999999998,-6.2845
2023-04-24,111.17,117.17199999999998,-6.087
2023-04-25,111.8,115.41199999999999,-5.9595
2023-04-26,100.87,111.71999999999998,-5.841500000000001
2023-04-27,102.18,108.814,-5.71
2023-04-28,84.07,102.018,-5.5715
2023-05-01,80.6,95.90399999999998,-5.4944999999999995
2023-05-02,76.22,88.788,-5.4910000000000005
2023-05-03,74.18,83.45,-5.4910000000000005
2023-05-04,71.49,77.31199999999998,-5.5115
2023-05-05,78.39,76.176,-5.471500000000001
2023-05-08,77.27,75.50999999999999,-5.4345
2023-05-09,77.8,75.826,-5.4174999999999995
2023-05-10,80.51,77.092,-5.362
2023-05-11,82.94,79.38199999999999,-5.372999999999999
2023-05-12,130.97,89.898,-5.3805000000000005
2023-05-15,120.96,98.636,-5.3885
2023-05-16,112.24,105.524,-5.430000000000001
2023-05-17,109.22,111.26599999999999,-5.416500000000001
2023-05-18,105.76,115.83,-5.331
2023-05-19,103.03,110.24199999999999,-5.255999999999999
2023-05-22,101.2,106.29,-5.184
2023-05-23,100.41,103.924,-5.1025
2023-05-24,98.09,101.698,-5.039
2023-05-25,100.46,100.63799999999999,-5.012
2023-05-26,101.28,100.288,-4.958
2023-05-30,101.91,100.42999999999999,-4.905
2023-05-31,102.47,100.842,-4.8285
2023-06-01,105.95,102.41399999999999,-4.674
2023-06-02,104.0,103.12199999999999,-4.4185
2023-06-05,100.99,103.064,-4.250500000000001
2023-06-06,94.25,101.532,-4.0745
2023-06-07,89.28,98.89399999999999,-3.8950000000000005
2023-06-08,89.84,95.672,-3.7065000000000006
2023-06-09,89.51,92.774,-3.5035000000000003
2023-06-12,93.68,91.312,-3.2495
2023-06-13,93.43,91.148,-2.9785
2023-06-14,90.52,91.39599999999999,-2.6735
2023-06-15,90.38,91.50399999999999,-2.3594999999999997
2023-06-16,86.55,90.912,-2.1095
2023-06-20,83.71,88.91799999999999,-1.875
2023-06-21,82.22,86.676,-1.6705
2023-06-22,84.67,85.506,-1.395
2023-06-23,82.16,83.862,-1.1215
2023-06-26,76.29,81.81,-0.909
2023-06-27,80.4,81.148,-0.7030000000000001
2023-06-28,81.86,81.076,-0.496
2023-06-29,81.66,80.474,-0.26400000000000007
2023-06-30,87.63,81.56800000000001,-0.022
2023-07-03,87.1,83.72999999999999,0.158
2023-07-05,82.8,84.21,0.3365
2023-07-06,79.11,83.66,0.46449999999999997
2023-07-07,84.92,84.31199999999998,0.597
2023-07-10,86.55,84.09599999999999,0.7140000000000001
2023-07-11,85.38,83.752,0.8550000000000001
2023-07-12,90.57,85.306,0.9904999999999999
2023-07-13,92.5,87.984,1.1345
2023-07-14,87.01,88.40199999999999,1.2710000000000001
2023-07-17,101.98,91.48799999999999,1.3615
2023-07-18,96.97,93.806,1.5095
2023-07-19,94.06,94.50399999999999,1.6915
2023-07-20,93.98,94.8,1.8669999999999998
2023-07-21,93.41,96.08,2.025
2023-07-24,93.16,94.31599999999999,2.242
2023-07-25,95.45,94.01199999999999,2.4925
2023-07-26,92.92,93.78399999999999,2.6895
2023-07-27,94.27,93.84199999999998,2.8545000000000003
2023-07-28,103.62,95.88399999999999,3.0625
2023-07-31,102.65,97.782,3.2205
2023-08-01,96.77,98.04599999999999,3.3534999999999995
2023-08-02,89.95,97.452,3.441
2023-08-03,91.54,96.90599999999999,3.558
2023-08-04,90.04,94.19,3.6670000000000003
2023-08-07,91.03,91.86599999999999,3.7979999999999996
2023-08-08,91.37,90.78599999999999,3.8815
2023-08-09,96.54,92.104,3.9019999999999997
2023-08-10,97.51,93.298,3.8835
2023-08-11,97.41,94.772,3.8659999999999997
2023-08-14,101.93,96.952,3.851
2023-08-15,94.41,97.55999999999999,3.7574999999999994
2023-08-16,89.26,96.104,3.6279999999999992
2023-08-17,83.77,93.356,3.5044999999999993
2023-08-18,82.78,90.42999999999999,3.3835
2023-08-21,82.65,86.57399999999998,3.2634999999999996
2023-08-22,79.2,83.532,3.1209999999999996
2023-08-23,81.9,82.06,3.0134999999999996
2023-08-24,77.82,80.86999999999999,2.8905
2023-08-25,79.83,80.28,2.747
2023-08-28,79.37,79.624,2.617
2023-08-29,82.63,80.30999999999999,2.553
2023-08-30,84.88,80.90599999999999,2.5595
2023-08-31,87.68,82.878,2.573
2023-09-01,84.15,83.74199999999999,2.6094999999999997
2023-09-05,84.22,84.71199999999999,2.5955
2023-09-06,80.61,84.30799999999999,2.5675
2023-09-07,79.17,83.16599999999998,2.5495
2023-09-08,81.74,81.978,2.5360000000000005
2023-09-11,78.1,80.768,2.5575
2023-09-12,79.62,79.848,2.532
2023-09-13,69.5,77.626,2.5520000000000005
2023-09-14,75.8,76.952,2.6399999999999997
2023-09-15,72.94,75.19199999999998,2.693
2023-09-18,66.82,72.93599999999999,2.7485
2023-09-19,68.23,70.65799999999999,2.7715000000000005
2023-09-20,68.29,70.416,2.757
2023-09-21,65.35,68.326,2.6255
2023-09-22,61.64,66.066,2.527
2023-09-25,63.49,65.4,2.4270000000000005
2023-09-26,60.59,63.87199999999999,2.2325
2023-09-27,57.85,61.78399999999999,1.9904999999999997
2023-09-28,60.69,60.852,1.7445
2023-09-29,60.78,60.67999999999999,1.491
2023-10-02,54.54,58.89,1.2349999999999999
2023-10-03,49.58,56.688,0.929
2023-10-04,50.13,55.14399999999999,0.6875
2023-10-05,43.82,51.769999999999996,0.45549999999999996
2023-10-06,46.95,49.004,0.274
2023-10-09,42.31,46.55799999999999,0.09300000000000001
2023-10-10,49.92,46.626,-0.03599999999999999
2023-10-11,49.86,46.571999999999996,-0.14999999999999997
2023-10-12,47.79,47.366,-0.33649999999999997
2023-10-13,46.35,47.245999999999995,-0.48650000000000004
2023-10-16,49.65,48.714,-0.591
2023-10-17,56.31,49.992,-0.6849999999999999
2023-10-18,51.46,50.312,-0.7985
2023-10-19,50.32,50.818,-0.8724999999999999
2023-10-20,49.14,51.376,-0.9949999999999999
2023-10-23,49.68,51.38199999999999,-1.1465
2023-10-24,54.2,50.959999999999994,-1.1895
2023-10-25,49.72,50.611999999999995,-1.3015
2023-10-26,49.51,50.44999999999999,-1.482
2023-10-27,41.74,48.96999999999999,-1.6715
2023-10-30,34.89,46.01199999999999,-1.8060000000000003
2023-10-31,40.94,43.36,-1.847
2023-11-01,40.54,41.523999999999994,-1.8679999999999999
2023-11-02,45.14,40.64999999999999,-1.7954999999999999
2023-11-03,49.34,42.169999999999995,-1.7355
2023-11-06,44.54,44.099999999999994,-1.6985000000000003
2023-11-07,41.96,44.303999999999995,-1.673
2023-11-08,35.63,43.321999999999996,-1.6644999999999999
2023-11-09,30.46,40.38599999999999,-1.6635000000000002
2023-11-10,31.82,36.882,-1.56
2023-11-13,31.74,34.32199999999999,-1.5125000000000002
2023-11-14,46.69,35.267999999999994,-1.3695
2023-11-15,49.89,38.11999999999999,-1.1485
2023-11-16,51.94,42.416,-0.8790000000000001
2023-11-17,52.43,46.538,-0.5415000000000001
2023-11-20,56.61,51.512,-0.15700000000000008
2023-11-21,55.93,53.35999999999999,0.17799999999999994
2023-11-22,57.03,54.78799999999999,0.6034999999999999
2023-11-24,51.8,54.75999999999999,1.0905
2023-11-27,52.06,54.68599999999999,1.589
2023-11-28,52.42,53.848,2.0364999999999998
2023-11-29,52.83,53.227999999999994,2.452
2023-11-30,55.13,52.84799999999999,2.8325
2023-12-01,56.52,53.791999999999994,3.1485
2023-12-04,55.8,54.539999999999985,3.3945
2023-12-05,51.78,54.41199999999999,3.6295
2023-12-06,42.0,52.246,3.8329999999999997
2023-12-07,40.92,49.403999999999996,4.0665
2023-12-08,42.08,46.516,4.3555
2023-12-11,42.79,43.913999999999994,4.585500000000001
2023-12-12,36.76,40.90999999999999,4.8445
2023-12-13,43.23,41.15599999999999,5.0735
2023-12-14,54.58,43.88799999999999,5.3055
2023-12-15,64.7,48.41199999999999,5.523
2023-12-18,62.05,52.263999999999996,5.761
2023-12-19,68.59,58.629999999999995,5.9875
2023-12-20,60.74,62.13199999999999,6.1450000000000005
2023-12-21,66.04,64.424,6.3225
2023-12-22,66.38,64.75999999999999,6.5075
2023-12-26,67.89,65.928,6.720000000000001
2023-12-27,68.37,65.88399999999999,6.9355
2023-12-28,69.13,67.56199999999998,7.154999999999999
2023-12-29,68.22,67.998,7.342499999999999
2024-01-02,66.86,68.09400000000001,7.469499999999999
2024-01-03,62.31,66.978,7.5905000000000005
2024-01-04,61.24,65.55199999999999,7.698
2024-01-05,61.78,64.082,7.83
2024-01-08,61.07,62.652,8.0025
2024-01-09,61.82,61.64399999999999,8.145
2024-01-10,57.4,60.66199999999999,8.3
2024-01-11,55.43,59.499999999999986,8.429499999999999
2024-01-12,55.58,58.25999999999999,8.495000000000001
2024-01-16,44.63,54.971999999999994,8.5305
2024-01-17,42.85,51.178,8.5485
2024-01-18,43.04,48.306,8.578500000000002
2024-01-19,41.56,45.532,8.6375
2024-01-22,45.41,43.498,8.7895
2024-01-23,46.91,43.95399999999999,8.913
2024-01-24,44.41,44.26599999999999,9.03
2024-01-25,44.75,44.60799999999999,9.1545
2024-01-26,43.4,44.97599999999999,9.267999999999999
2024-01-29,44.82,44.85799999999999,9.4155
2024-01-30,44.56,44.38799999999999,9.5715
2024-01-31,41.92,43.89,9.686
2024-02-01,42.68,43.47599999999999,9.8825
2024-02-02,36.91,42.17799999999999,10.141499999999999
2024-02-05,34.99,40.211999999999996,10.377
2024-02-06,36.25,38.55,10.552000000000001
2024-02-07,40.41,38.248,10.7745
2024-02-08,38.22,37.355999999999995,10.97
2024-02-09,46.19,39.211999999999996,11.1925
2024-02-12,51.67,42.54799999999999,11.411
2024-02-13,46.99,44.69599999999999,11.5735
2024-02-14,52.65,47.14399999999999,11.808499999999999
2024-02-15,54.13,50.32599999999999,12.0375
2024-02-16,51.44,51.376,12.1845
2024-02-20,47.86,50.61399999999999,12.2935
2024-02-21,44.77,50.169999999999995,12.3935
2024-02-22,39.68,47.57599999999999,12.595
2024-02-23,37.92,44.333999999999996,12.773
2024-02-26,39.54,41.95399999999999,12.934999999999999
2024-02-27,39.93,40.367999999999995,13.0725
2024-02-28,44.03,40.22,13.2055
2024-02-29,48.5,41.983999999999995,13.435500000000001
2024-03-01,51.58,44.715999999999994,13.653
2024-03-04,50.3,46.867999999999995,13.8165
2024-03-05,52.55,49.39199999999999,13.941500000000001
2024-03-06,51.94,50.97399999999999,14.0815
2024-03-07,53.77,52.028,14.24
2024-03-08,54.73,52.657999999999994,14.362
2024-03-11,55.5,53.69799999999999,14.454000000000002
2024-03-12,52.84,53.75599999999999,14.599
2024-03-13,51.57,53.681999999999995,14.807999999999998
2024-03-14,43.31,51.589999999999996,14.958999999999998
2024-03-15,41.43,48.92999999999999,15.043000000000001
2024-03-18,43.4,46.51,15.1825
2024-03-19,41.49,44.239999999999995,15.375
2024-03-20,44.87,42.9,15.602500000000001
2024-03-21,46.46,43.529999999999994,15.74
2024-03-22,47.06,44.65599999999999,15.854
2024-03-25,48.46,45.66799999999999,15.975
2024-03-26,46.92,46.754,16.073500000000003
2024-03-27,60.59,49.89799999999999,16.2195
2024-03-28,61.88,52.98199999999999,16.345
2024-04-01,63.7,56.31,16.411499999999997
2024-04-02,59.26,58.46999999999999,16.451
2024-04-03,58.84,60.854,16.5505
2024-04-04,63.31,61.398,16.558500000000002
2024-04-05,66.27,62.275999999999996,16.565
2024-04-08,70.64,63.664,16.607
2024-04-09,75.83,66.978,16.6605
2024-04-10,76.38,70.48599999999999,16.6105
2024-04-11,75.58,72.93999999999998,16.6065
2024-04-12,73.72,74.42999999999999,16.5395
2024-04-15,67.55,73.81199999999998,16.438499999999998
2024-04-16,64.82,71.60999999999999,16.298000000000002
2024-04-17,69.5,70.234,16.098999999999997
2024-04-18,65.97,68.31199999999998,15.847999999999999
2024-04-19,66.68,66.904,15.535999999999998
2024-04-22,67.86,66.966,15.2915
2024-04-23,71.48,68.298,15.128499999999999
2024-04-24,68.99,68.196,14.974
2024-04-25,66.66,68.334,14.757
2024-04-26,70.18,69.034,14.596
2024-04-29,72.17,69.896,14.4755
2024-04-30,68.51,69.30199999999999,14.298999999999998
2024-05-01,68.37,69.178,14.088999999999999
2024-05-02,70.7,69.986,13.992499999999998
2024-05-03,79.46,71.842,13.911499999999998
2024-05-06,81.26,73.66,13.885
2024-05-07,82.0,76.35799999999999,13.8595
2024-05-08,78.58,78.4,13.887
2024-05-09,81.08,80.47599999999998,13.9085
2024-05-10,78.87,80.35799999999999,14.011000000000001
2024-05-13,77.56,79.618,14.180499999999999
2024-05-14,75.25,78.268,14.3875
2024-05-15,79.71,78.494,14.698000000000002
2024-05-16,82.14,78.70599999999999,15.009
2024-05-17,84.81,79.894,15.374500000000001
2024-05-20,83.68,81.11799999999998,15.699000000000002
2024-05-21,98.15,85.698,15.969999999999999
2024-05-22,134.52,96.66,16.2275
2024-05-23,132.74,106.78,16.4645
2024-05-24,157.44,121.306,16.685499999999998
2024-05-28,160.58,136.68599999999998,16.892000000000003
2024-05-29,158.77,148.81,17.1465
2024-05-30,157.48,153.402,17.391
2024-05-31,152.87,157.428,17.635
2024-06-03,151.19,156.17800000000003,17.8015
2024-06-04,145.17,153.096,17.9185
2024-06-05,151.5,151.642,18.0965
2024-06-06,151.86,150.518,18.273
2024-06-07,146.24,149.192,18.4095
2024-06-10,157.7,150.49399999999997,18.557499999999997
2024-06-11,169.2,155.3,18.719
2024-06-12,174.02,159.804,18.901999999999997
2024-06-13,166.88,162.808,19.0255
2024-06-14,152.87,164.134,19.1655
2024-06-17,143.29,161.252,19.3435
2024-06-18,144.18,156.248,19.532
2024-06-20,142.22,149.888,19.688
2024-06-21,141.19,144.75,19.848000000000003
2024-06-24,143.25,142.826,20.0355
2024-06-25,139.2,142.00799999999998,20.2045
2024-06-26,131.36,139.44400000000002,20.3745
2024-06-27,133.13,137.62599999999998,20.594
2024-06-28,111.34,131.656,20.814500000000002
2024-07-01,107.11,124.428,20.9785
2024-07-02,101.71,116.92999999999999,21.182
2024-07-03,114.68,113.59399999999998,21.4
2024-07-05,106.57,108.282,21.578
2024-07-08,111.08,108.22999999999999,21.7615
2024-07-09,109.36,108.67999999999999,21.9575
2024-07-10,112.41,110.81999999999998,22.1815
2024-07-11,116.87,111.258,22.35
2024-07-12,116.68,113.28,22.4995
2024-07-15,98.55,110.774,22.652499999999996
2024-07-16,105.77,110.056,22.82
2024-07-17,93.72,106.31800000000001,22.8925
2024-07-18,98.7,102.684,22.9235
2024-07-19,101.33,99.61399999999999,22.948500000000003
2024-07-22,104.84,100.872,23.0215
2024-07-23,107.4,101.19800000000001,23.103
2024-07-24,105.84,103.622,23.055
